Sport-100 Helmet, Black
Sport-100 Helmet, Blue
AWC Logo Cap
Long-Sleeve Logo Jersey, S
Long-Sleeve Logo Jersey, M
Long-Sleeve Logo Jersey, L
Long-Sleeve Logo Jersey, XL
Road-150 Red, 62
Road-150 Red, 44
Road-150 Red, 48
Road-150 Red, 52
Road-150 Red, 56
Road-650 Red, 58
Road-650 Red, 58
Road-650 Red, 60
Road-650 Red, 60
Road-650 Red, 62
Road-650 Red, 62
Road-650 Red, 44
Road-650 Red, 44
Road-650 Red, 48
Road-650 Red, 48
Road-650 Red, 52
Road-650 Red, 52
Road-650 Black, 58
Road-650 Black, 58
Road-650 Black, 60
Road-650 Black, 60
Road-650 Black, 62
Road-650 Black, 62
Road-650 Black, 44
Road-650 Black, 44
Road-650 Black, 48
Road-650 Black, 48
Road-650 Black, 52
Road-650 Black, 52
Mountain-100 Silver, 38
Mountain-100 Silver, 42
Mountain-100 Silver, 44
Mountain-100 Silver, 48
Mountain-100 Black, 38
Mountain-100 Black, 42
Mountain-100 Black, 44
Mountain-100 Black, 48
Mountain-200 Silver, 38
Mountain-200 Silver, 38
Mountain-200 Silver, 42
Mountain-200 Silver, 42
Mountain-200 Silver, 46
Mountain-200 Silver, 46
Mountain-200 Black, 38
Mountain-200 Black, 38
Mountain-200 Black, 42
Mountain-200 Black, 42
Mountain-200 Black, 46
Mountain-200 Black, 46
Road-250 Red, 44
Road-250 Red, 48
Road-250 Red, 52
Road-250 Red, 58
Road-250 Red, 58
Road-250 Black, 44
Road-250 Black, 44
Road-250 Black, 48
Road-250 Black, 48
Road-250 Black, 52
Road-250 Black, 52
Road-250 Black, 58
Road-250 Black, 58
Road-550-W Yellow, 38
Road-550-W Yellow, 38
Road-550-W Yellow, 40
Road-550-W Yellow, 40
Road-550-W Yellow, 42
Road-550-W Yellow, 42
Road-550-W Yellow, 44
Road-550-W Yellow, 44
Road-550-W Yellow, 48
Road-550-W Yellow, 48
Half-Finger Gloves, S
Half-Finger Gloves, M
Half-Finger Gloves, L
Classic Vest, S
Classic Vest, M
Classic Vest, L
Women's Mountain Shorts, S
Women's Mountain Shorts, M
Women's Mountain Shorts, L
Water Bottle - 30 oz.
Mountain Bottle Cage
Road Bottle Cage
Patch Kit/8 Patches
Racing Socks, M
Racing Socks, L
Hitch Rack - 4-Bike
Bike Wash - Dissolver
Fender Set - Mountain
All-Purpose Bike Stand
Hydration Pack - 70 oz.
Short-Sleeve Classic Jersey, S
Short-Sleeve Classic Jersey, M
Short-Sleeve Classic Jersey, L
Short-Sleeve Classic Jersey, XL
Mountain Tire Tube
Road Tire Tube
Touring Tire Tube
LL Mountain Tire
ML Mountain Tire
HL Mountain Tire
LL Road Tire
ML Road Tire
HL Road Tire
Touring Tire
Touring-2000 Blue, 60
Touring-1000 Yellow, 46
Touring-1000 Yellow, 50
Touring-1000 Yellow, 54
Touring-1000 Yellow, 60
Touring-3000 Blue, 54
Touring-3000 Blue, 58
Touring-3000 Blue, 62
Touring-3000 Yellow, 44
Touring-3000 Yellow, 50
Touring-3000 Yellow, 54
Touring-3000 Yellow, 58
Touring-3000 Yellow, 62
Touring-1000 Blue, 46
Touring-1000 Blue, 50
Touring-1000 Blue, 54
Touring-1000 Blue, 60
Touring-2000 Blue, 46
Touring-2000 Blue, 50
Touring-2000 Blue, 54
Road-350-W Yellow, 40
Road-350-W Yellow, 42
Road-350-W Yellow, 44
Road-350-W Yellow, 48
Road-750 Black, 58
Touring-3000 Blue, 44
Touring-3000 Blue, 50
Mountain-400-W Silver, 38
Mountain-400-W Silver, 40
Mountain-400-W Silver, 42
Mountain-400-W Silver, 46
Mountain-500 Silver, 40
Mountain-500 Silver, 42
Mountain-500 Silver, 44
Mountain-500 Silver, 48
Mountain-500 Silver, 52
Mountain-500 Black, 40
Mountain-500 Black, 42
Mountain-500 Black, 44
Mountain-500 Black, 48
Mountain-500 Black, 52
Road-750 Black, 44
Road-750 Black, 48
Road-750 Black, 52
